drop table if exists table_idx_char_t1;
SET SQL_WARNINGS=1;
create table table_idx_char_t1 (a char(127));
create index a on table_idx_char_t1 (a(16));
insert into table_idx_char_t1 values('a');
insert into table_idx_char_t1 values ('a ');
insert into table_idx_char_t1 values ('a  ');
insert into table_idx_char_t1 values ('aa');
insert into table_idx_char_t1 values ('aaaaaaaaaaaaaaaaaaaaaaaaaaaaaaaaaaaaaaaaaaaaaaa');
insert into table_idx_char_t1 values ('aaaaaaaaaaaaaaaaaaaaaaaaaaaaaaaaaaaaaaaaaaaaaaaaaaaaaaaaaaaaaaaaaaaaaaaaaaaaaaaaaaaaaaaaaaaaaaaaaaaaaaaaaaaaaaaaaaaaaaaaaaaaaa');
insert into table_idx_char_t1 values ();
insert into table_idx_char_t1 values ('aaaaaaaaaaaaaaaaaaaaaaaaaaaaaaaaaaaaaaaaaaaaaaaaaaaaaaaaaaaaaaaaaaaaaaaaaaaaaaaaaaaaaaaaaaaaaaaaaaaaaaaaaaaaaaaaaaaaaaaaaaaaaaaaaaaaaaaaaaaaaaaa');
ERROR 22001: Data too long for column 'a' at row 1
select * from table_idx_char_t1 order by a;
a
NULL
a
a
a
aa
aaaaaaaaaaaaaaaaaaaaaaaaaaaaaaaaaaaaaaaaaaaaaaa
aaaaaaaaaaaaaaaaaaaaaaaaaaaaaaaaaaaaaaaaaaaaaaaaaaaaaaaaaaaaaaaaaaaaaaaaaaaaaaaaaaaaaaaaaaaaaaaaaaaaaaaaaaaaaaaaaaaaaaaaaaaaaa
select a from table_idx_char_t1 where a = 0;
a
a
a
a
aa
aaaaaaaaaaaaaaaaaaaaaaaaaaaaaaaaaaaaaaaaaaaaaaa
aaaaaaaaaaaaaaaaaaaaaaaaaaaaaaaaaaaaaaaaaaaaaaaaaaaaaaaaaaaaaaaaaaaaaaaaaaaaaaaaaaaaaaaaaaaaaaaaaaaaaaaaaaaaaaaaaaaaaaaaaaaaaa
Warnings:
Warning	1292	Truncated incorrect DOUBLE value: 'a                                                                                                                              '
Warning	1292	Truncated incorrect DOUBLE value: 'a                                                                                                                              '
Warning	1292	Truncated incorrect DOUBLE value: 'a                                                                                                                              '
Warning	1292	Truncated incorrect DOUBLE value: 'aa                                                                                                                             '
Warning	1292	Truncated incorrect DOUBLE value: 'aaaaaaaaaaaaaaaaaaaaaaaaaaaaaaaaaaaaaaaaaaaaaaa                                                                                '
Warning	1292	Truncated incorrect DOUBLE value: 'aaaaaaaaaaaaaaaaaaaaaaaaaaaaaaaaaaaaaaaaaaaaaaaaaaaaaaaaaaaaaaaaaaaaaaaaaaaaaaaaaaaaaaaaaaaaaaaaaaaaaaaaaaaaaaaaaaaaaaaaaaaaaa '
select a from table_idx_char_t1 where a >= 0 order by a;
a
a
a
a
aa
aaaaaaaaaaaaaaaaaaaaaaaaaaaaaaaaaaaaaaaaaaaaaaa
aaaaaaaaaaaaaaaaaaaaaaaaaaaaaaaaaaaaaaaaaaaaaaaaaaaaaaaaaaaaaaaaaaaaaaaaaaaaaaaaaaaaaaaaaaaaaaaaaaaaaaaaaaaaaaaaaaaaaaaaaaaaaa
Warnings:
Warning	1292	Truncated incorrect DOUBLE value: 'a                                                                                                                              '
Warning	1292	Truncated incorrect DOUBLE value: 'a                                                                                                                              '
Warning	1292	Truncated incorrect DOUBLE value: 'a                                                                                                                              '
Warning	1292	Truncated incorrect DOUBLE value: 'aa                                                                                                                             '
Warning	1292	Truncated incorrect DOUBLE value: 'aaaaaaaaaaaaaaaaaaaaaaaaaaaaaaaaaaaaaaaaaaaaaaa                                                                                '
Warning	1292	Truncated incorrect DOUBLE value: 'aaaaaaaaaaaaaaaaaaaaaaaaaaaaaaaaaaaaaaaaaaaaaaaaaaaaaaaaaaaaaaaaaaaaaaaaaaaaaaaaaaaaaaaaaaaaaaaaaaaaaaaaaaaaaaaaaaaaaaaaaaaaaa '
select a from table_idx_char_t1 where a <= 0 order by a;
a
a
a
a
aa
aaaaaaaaaaaaaaaaaaaaaaaaaaaaaaaaaaaaaaaaaaaaaaa
aaaaaaaaaaaaaaaaaaaaaaaaaaaaaaaaaaaaaaaaaaaaaaaaaaaaaaaaaaaaaaaaaaaaaaaaaaaaaaaaaaaaaaaaaaaaaaaaaaaaaaaaaaaaaaaaaaaaaaaaaaaaaa
Warnings:
Warning	1292	Truncated incorrect DOUBLE value: 'a                                                                                                                              '
Warning	1292	Truncated incorrect DOUBLE value: 'a                                                                                                                              '
Warning	1292	Truncated incorrect DOUBLE value: 'a                                                                                                                              '
Warning	1292	Truncated incorrect DOUBLE value: 'aa                                                                                                                             '
Warning	1292	Truncated incorrect DOUBLE value: 'aaaaaaaaaaaaaaaaaaaaaaaaaaaaaaaaaaaaaaaaaaaaaaa                                                                                '
Warning	1292	Truncated incorrect DOUBLE value: 'aaaaaaaaaaaaaaaaaaaaaaaaaaaaaaaaaaaaaaaaaaaaaaaaaaaaaaaaaaaaaaaaaaaaaaaaaaaaaaaaaaaaaaaaaaaaaaaaaaaaaaaaaaaaaaaaaaaaaaaaaaaaaa '
select * from table_idx_char_t1 where a between 'a' and 'b' order by a;
a
aa
aaaaaaaaaaaaaaaaaaaaaaaaaaaaaaaaaaaaaaaaaaaaaaa
aaaaaaaaaaaaaaaaaaaaaaaaaaaaaaaaaaaaaaaaaaaaaaaaaaaaaaaaaaaaaaaaaaaaaaaaaaaaaaaaaaaaaaaaaaaaaaaaaaaaaaaaaaaaaaaaaaaaaaaaaaaaaa
select * from table_idx_char_t1 where a is null;
a
NULL
select * from table_idx_char_t1 where a != 'a'  order by a;
a
aa
aaaaaaaaaaaaaaaaaaaaaaaaaaaaaaaaaaaaaaaaaaaaaaa
aaaaaaaaaaaaaaaaaaaaaaaaaaaaaaaaaaaaaaaaaaaaaaaaaaaaaaaaaaaaaaaaaaaaaaaaaaaaaaaaaaaaaaaaaaaaaaaaaaaaaaaaaaaaaaaaaaaaaaaaaaaaaa
select * from table_idx_char_t1 where a <> 'a' order by a;
a
aa
aaaaaaaaaaaaaaaaaaaaaaaaaaaaaaaaaaaaaaaaaaaaaaa
aaaaaaaaaaaaaaaaaaaaaaaaaaaaaaaaaaaaaaaaaaaaaaaaaaaaaaaaaaaaaaaaaaaaaaaaaaaaaaaaaaaaaaaaaaaaaaaaaaaaaaaaaaaaaaaaaaaaaaaaaaaaaa
select * from table_idx_char_t1 where a > 'aa' order by a limit 2;
a
aaaaaaaaaaaaaaaaaaaaaaaaaaaaaaaaaaaaaaaaaaaaaaa
aaaaaaaaaaaaaaaaaaaaaaaaaaaaaaaaaaaaaaaaaaaaaaaaaaaaaaaaaaaaaaaaaaaaaaaaaaaaaaaaaaaaaaaaaaaaaaaaaaaaaaaaaaaaaaaaaaaaaaaaaaaaaa
select * from table_idx_char_t1 where a < 'aa' order by a limit 3 offset 1;
a
a
a
drop table table_idx_char_t1;
