drop table if exists table_operator_t1;
create table table_operator_t1 (a tinyint, b int, c bigint);
INSERT INTO table_operator_t1 VALUES ( 1, 4, 16776960);
INSERT INTO table_operator_t1 VALUES ( 2, 4, 255);
INSERT INTO table_operator_t1 VALUES ( 3, 1, 16777215);
INSERT INTO table_operator_t1 VALUES ( 60, 11, 16711680);
INSERT INTO table_operator_t1 VALUES ( 4, 12, 14474460);
INSERT INTO table_operator_t1 VALUES ( 5, 12, 14474460);
INSERT INTO table_operator_t1 VALUES ( 6, 12, 14474460);
INSERT INTO table_operator_t1 VALUES ( 43, 39, 16763080);
INSERT INTO table_operator_t1 VALUES ( 40, 39, 16777215);
INSERT INTO table_operator_t1 VALUES ( 53, 1, 16777215);
INSERT INTO table_operator_t1 VALUES ( 41, 39, 16763080);
INSERT INTO table_operator_t1 VALUES ( 12, 21, 16777215);
INSERT INTO table_operator_t1 VALUES ( 13, 21, 16777215);
INSERT INTO table_operator_t1 VALUES ( 14, 21, 16777215);
INSERT INTO table_operator_t1 VALUES ( 19, 21, 16777215);
INSERT INTO table_operator_t1 VALUES ( 15, 21, 16777215);
INSERT INTO table_operator_t1 VALUES ( 16, 21, 16777215);
INSERT INTO table_operator_t1 VALUES ( 17, 21, 16777215);
INSERT INTO table_operator_t1 VALUES ( 18, 21, 16777215);
INSERT INTO table_operator_t1 VALUES ( 20, 21, 13158600);
INSERT INTO table_operator_t1 VALUES ( 21, 21, 16777215);
INSERT INTO table_operator_t1 VALUES ( 22, 33, 12632256);
INSERT INTO table_operator_t1 VALUES ( 23, 34, 8355839);
INSERT INTO table_operator_t1 VALUES ( 24, 35, 12632319);
INSERT INTO table_operator_t1 VALUES ( 25, 36, 8355839);
INSERT INTO table_operator_t1 VALUES ( 26, 37, 12632256);
INSERT INTO table_operator_t1 VALUES ( 27, 38, 12632319);
INSERT INTO table_operator_t1 VALUES ( 28, 39, 12632319);
INSERT INTO table_operator_t1 VALUES ( 30, 40, 12632256);
select * from table_operator_t1 where a + 1 >= b order by a;
a	b	c
3	1	16777215
20	21	13158600
21	21	16777215
40	39	16777215
41	39	16763080
43	39	16763080
53	1	16777215
60	11	16711680
select * from table_operator_t1 where -10 + a < b order by a;
a	b	c
1	4	16776960
2	4	255
3	1	16777215
4	12	14474460
5	12	14474460
6	12	14474460
12	21	16777215
13	21	16777215
14	21	16777215
15	21	16777215
16	21	16777215
17	21	16777215
18	21	16777215
19	21	16777215
20	21	13158600
21	21	16777215
22	33	12632256
23	34	8355839
24	35	12632319
25	36	8355839
26	37	12632256
27	38	12632319
28	39	12632319
30	40	12632256
40	39	16777215
41	39	16763080
43	39	16763080
select * from table_operator_t1 where a + b <> 100 order by a;
a	b	c
1	4	16776960
2	4	255
3	1	16777215
4	12	14474460
5	12	14474460
6	12	14474460
12	21	16777215
13	21	16777215
14	21	16777215
15	21	16777215
16	21	16777215
17	21	16777215
18	21	16777215
19	21	16777215
20	21	13158600
21	21	16777215
22	33	12632256
23	34	8355839
24	35	12632319
25	36	8355839
26	37	12632256
27	38	12632319
28	39	12632319
30	40	12632256
40	39	16777215
41	39	16763080
43	39	16763080
53	1	16777215
60	11	16711680
select * from table_operator_t1 where 1000 + c != 100 order by c;
a	b	c
2	4	255
23	34	8355839
25	36	8355839
22	33	12632256
26	37	12632256
30	40	12632256
24	35	12632319
27	38	12632319
28	39	12632319
20	21	13158600
4	12	14474460
5	12	14474460
6	12	14474460
60	11	16711680
43	39	16763080
41	39	16763080
1	4	16776960
3	1	16777215
40	39	16777215
53	1	16777215
12	21	16777215
13	21	16777215
14	21	16777215
19	21	16777215
15	21	16777215
16	21	16777215
17	21	16777215
18	21	16777215
21	21	16777215
select * from table_operator_t1 where b + 1000 <=> 100 order by b;
a	b	c
select * from table_operator_t1 where a + b <= c order by c;
a	b	c
2	4	255
23	34	8355839
25	36	8355839
22	33	12632256
26	37	12632256
30	40	12632256
24	35	12632319
27	38	12632319
28	39	12632319
20	21	13158600
4	12	14474460
5	12	14474460
6	12	14474460
60	11	16711680
43	39	16763080
41	39	16763080
1	4	16776960
3	1	16777215
40	39	16777215
53	1	16777215
12	21	16777215
13	21	16777215
14	21	16777215
19	21	16777215
15	21	16777215
16	21	16777215
17	21	16777215
18	21	16777215
21	21	16777215
select * from table_operator_t1 where a - 1 >= b order by a;
a	b	c
3	1	16777215
40	39	16777215
41	39	16763080
43	39	16763080
53	1	16777215
60	11	16711680
select * from table_operator_t1 where 1000 - a < b order by a;
a	b	c
select * from table_operator_t1 where a - b <> 0 order by a;
a	b	c
1	4	16776960
2	4	255
3	1	16777215
4	12	14474460
5	12	14474460
6	12	14474460
12	21	16777215
13	21	16777215
14	21	16777215
15	21	16777215
16	21	16777215
17	21	16777215
18	21	16777215
19	21	16777215
20	21	13158600
22	33	12632256
23	34	8355839
24	35	12632319
25	36	8355839
26	37	12632256
27	38	12632319
28	39	12632319
30	40	12632256
40	39	16777215
41	39	16763080
43	39	16763080
53	1	16777215
60	11	16711680
select * from table_operator_t1 where 1000000 - c > 1000 order by c;
a	b	c
2	4	255
select * from table_operator_t1 where b - 10 <=> 10 order by b;
a	b	c
select * from table_operator_t1 where c - b >= a order by c;
a	b	c
2	4	255
23	34	8355839
25	36	8355839
22	33	12632256
26	37	12632256
30	40	12632256
24	35	12632319
27	38	12632319
28	39	12632319
20	21	13158600
4	12	14474460
5	12	14474460
6	12	14474460
60	11	16711680
43	39	16763080
41	39	16763080
1	4	16776960
3	1	16777215
40	39	16777215
53	1	16777215
12	21	16777215
13	21	16777215
14	21	16777215
19	21	16777215
15	21	16777215
16	21	16777215
17	21	16777215
18	21	16777215
21	21	16777215
select * from table_operator_t1 where a * 10 >= b order by a;
a	b	c
1	4	16776960
2	4	255
3	1	16777215
4	12	14474460
5	12	14474460
6	12	14474460
12	21	16777215
13	21	16777215
14	21	16777215
15	21	16777215
16	21	16777215
17	21	16777215
18	21	16777215
19	21	16777215
20	21	13158600
21	21	16777215
22	33	12632256
23	34	8355839
24	35	12632319
25	36	8355839
26	37	12632256
27	38	12632319
28	39	12632319
30	40	12632256
40	39	16777215
41	39	16763080
43	39	16763080
53	1	16777215
60	11	16711680
select * from table_operator_t1 where 2 * a < b order by a;
a	b	c
1	4	16776960
4	12	14474460
5	12	14474460
select * from table_operator_t1 where a * b <> 1000 order by a;
a	b	c
1	4	16776960
2	4	255
3	1	16777215
4	12	14474460
5	12	14474460
6	12	14474460
12	21	16777215
13	21	16777215
14	21	16777215
15	21	16777215
16	21	16777215
17	21	16777215
18	21	16777215
19	21	16777215
20	21	13158600
21	21	16777215
22	33	12632256
23	34	8355839
24	35	12632319
25	36	8355839
26	37	12632256
27	38	12632319
28	39	12632319
30	40	12632256
40	39	16777215
41	39	16763080
43	39	16763080
53	1	16777215
60	11	16711680
select * from table_operator_t1 where 1 * c > 10000000 order by c;
a	b	c
22	33	12632256
26	37	12632256
30	40	12632256
24	35	12632319
27	38	12632319
28	39	12632319
20	21	13158600
4	12	14474460
5	12	14474460
6	12	14474460
60	11	16711680
43	39	16763080
41	39	16763080
1	4	16776960
3	1	16777215
40	39	16777215
53	1	16777215
12	21	16777215
13	21	16777215
14	21	16777215
19	21	16777215
15	21	16777215
16	21	16777215
17	21	16777215
18	21	16777215
21	21	16777215
select * from table_operator_t1 where b * 10 <=> 210 order by b;
a	b	c
12	21	16777215
13	21	16777215
14	21	16777215
19	21	16777215
15	21	16777215
16	21	16777215
17	21	16777215
18	21	16777215
20	21	13158600
21	21	16777215
select * from table_operator_t1 where a * b >= c order by c;
a	b	c
select * from table_operator_t1 where c / 1000000 >= b order by c;
a	b	c
4	12	14474460
5	12	14474460
6	12	14474460
60	11	16711680
1	4	16776960
3	1	16777215
53	1	16777215
select * from table_operator_t1 where 1000 / a < b order by a;
a	b	c
27	38	12632319
28	39	12632319
30	40	12632256
40	39	16777215
41	39	16763080
43	39	16763080
select * from table_operator_t1 where c / b <> 1000 order by b;
a	b	c
3	1	16777215
53	1	16777215
1	4	16776960
2	4	255
60	11	16711680
4	12	14474460
5	12	14474460
6	12	14474460
12	21	16777215
13	21	16777215
14	21	16777215
19	21	16777215
15	21	16777215
16	21	16777215
17	21	16777215
18	21	16777215
20	21	13158600
21	21	16777215
22	33	12632256
23	34	8355839
24	35	12632319
25	36	8355839
26	37	12632256
27	38	12632319
28	39	12632319
43	39	16763080
40	39	16777215
41	39	16763080
30	40	12632256
select * from table_operator_t1 where 100000 / c > 10000000 order by c;
a	b	c
select * from table_operator_t1 where c / 10 <=> 1447446 order by c;
a	b	c
4	12	14474460
5	12	14474460
6	12	14474460
select * from table_operator_t1 where c / b >= a order by a;
a	b	c
1	4	16776960
2	4	255
3	1	16777215
4	12	14474460
5	12	14474460
6	12	14474460
12	21	16777215
13	21	16777215
14	21	16777215
15	21	16777215
16	21	16777215
17	21	16777215
18	21	16777215
19	21	16777215
20	21	13158600
21	21	16777215
22	33	12632256
23	34	8355839
24	35	12632319
25	36	8355839
26	37	12632256
27	38	12632319
28	39	12632319
30	40	12632256
40	39	16777215
41	39	16763080
43	39	16763080
53	1	16777215
60	11	16711680
drop table table_operator_t1;
